Link Name,Center of Mass X,Center of Mass Y,Center of Mass Z,Center of Mass Roll,Center of Mass Pitch,Center of Mass Yaw,Mass,Moment Ixx,Moment Ixy,Moment Ixz,Moment Iyy,Moment Iyz,Moment Izz,Visual X,Visual Y,Visual Z,Visual Roll,Visual Pitch,Visual Yaw,Mesh Filename,Color Red,Color Green,Color Blue,Color Alpha,Collision X,Collision Y,Collision Z,Collision Roll,Collision Pitch,Collision Yaw,Collision Mesh Filename,Material Name,SW Components,Coordinate System,Axis Name,Joint Name,Joint Type,Joint Origin X,Joint Origin Y,Joint Origin Z,Joint Origin Roll,Joint Origin Pitch,Joint Origin Yaw,Parent,Joint Axis X,Joint Axis Y,Joint Axis Z,Limit Effort,Limit Velocity,Limit Lower,Limit Upper,Calibration rising,Calibration falling,Dynamics Damping,Dynamics Friction,Safety Soft Upper,Safety Soft Lower,Safety K Position,Safety K Velocity
base_link,-0.0044884,-0.003141,0.046765,0,0,0,0.077896,0.00012199,-6.1075E-07,1.4805E-05,8.2516E-05,-1.7371E-07,5.2781E-05,0,0,0,0,0,0,package://youshou_urdf/meshes/base_link.STL,0.79216,0.81961,0.93333,1,0,0,0,0,0,0,package://youshou_urdf/meshes/base_link.STL,,手掌_右.step-1;手背_右.step-1;拇指底座前_右.step-1;拇指底座后_右.step-1,世界坐标系,,,,0,0,0,0,0,0,,0,0,0,,,,,,,,,,,,
thumb_link1,0.0105644013997104,0.000665145003611756,-0.00152850738343248,0,0,0,0.00400599320088145,2.97371602399895E-07,3.36524961820821E-08,1.93877827874905E-08,5.36198138639355E-07,-6.63592493378815E-09,6.7033970321324E-07,0,0,0,0,0,0,package://youshou_urdf/meshes/thumb_link1.STL,0.843137254901961,0.815686274509804,0.752941176470588,1,0,0,0,0,0,0,package://youshou_urdf/meshes/thumb_link1.STL,,基架右.step-1,拇指坐标系1,拇指轴1,thumb_joint1,revolute,0.0089888,0.02104,0.03253,0.081325,-0.42093,1.0728,base_link,0.26091,0,0.96536,0,0,0,0,,,,,,,,
thumb_link2,0.0247566484026018,0.00445709491305678,0.000334963330072605,0,0,0,0.0070317570366135,3.2102773670361E-07,-1.50879757048375E-08,-2.02219159376493E-08,1.86766800324974E-06,3.96182751993749E-09,2.09124042542766E-06,0,0,0,0,0,0,package://youshou_urdf/meshes/thumb_link2.STL,1,1,1,1,0,0,0,0,0,0,package://youshou_urdf/meshes/thumb_link2.STL,,拇指近指骨_左.step-1;拇指近指骨_右.step-1,拇指坐标系2,拇指轴2,thumb_joint2,revolute,0.026829,0,0,-1.5708,-0.22988,0,thumb_link1,0,0,1,0,0,0,0,,,,,,,,
thumb_link3,0.0155537518434531,0.0030449133151744,0.000462672846270155,0,0,0,0.00485038536648811,1.47898576400049E-07,1.21285767750724E-08,-1.76653118622882E-09,5.65366898729192E-07,6.45933950407243E-10,6.51279090935193E-07,0,0,0,0,0,0,package://youshou_urdf/meshes/thumb_link3.STL,1,1,1,1,0,0,0,0,0,0,package://youshou_urdf/meshes/thumb_link3.STL,,拇指远指骨_左.step-1;拇指远指骨_右.step-1,拇指坐标系3,拇指轴3,thumb_jinot3,revolute,0.048354,0,0,0,0,-0.10848,thumb_link2,0,0,1,0,0,0,0,,,,,,,,
index_link1,0.00180502929835984,9.78143017849042E-06,0.00171111284564738,0,0,0,0.000506372322576598,3.91689534474703E-09,4.18381361556145E-11,4.59557412246727E-10,2.28106843665353E-08,-3.65910214672703E-12,2.37263594138529E-08,0,0,0,0,0,0,package://youshou_urdf/meshes/index_link1.STL,0.898039215686275,0.917647058823529,0.929411764705882,1,0,0,0,0,0,0,package://youshou_urdf/meshes/index_link1.STL,,摆动件.step-1,食指坐标系1,食指侧摆轴1,index_joint1,revolute,-0.01136,0.025025,0.10781,-1.5708,-1.3786,1.5708,base_link,0,0,-1,0,0,0,0,,,,,,,,
index_link2,0.0131638991858953,-0.000134091451138813,9.28507631227371E-06,0,0,0,0.00345302981537233,1.01835429130366E-07,1.16657937757201E-08,-1.26894577819915E-09,2.71501849238998E-07,-2.47290356952604E-09,3.47694756891176E-07,0,0,0,0,0,0,package://youshou_urdf/meshes/index_link2.STL,1,1,1,1,0,0,0,0,0,0,package://youshou_urdf/meshes/index_link2.STL,,近指骨_l.step-1;近指骨_r.step-1;短连杆.step-1,食指坐标系2,食指关节轴2,index_joint2,revolute,0.0065,0,0,-1.5708,0.15559,0,index_link1,0,0,-1,0,0,0,0,,,,,,,,
index_link3,0.0142876873396355,-0.000476751504743619,0.000136085605124368,0,0,0,0.0036450287103129,9.59760908235186E-08,6.62019069089263E-09,2.35792470177538E-10,4.11723439720304E-07,2.26985517189384E-09,4.59969781877025E-07,0,0,0,0,0,0,package://youshou_urdf/meshes/index_link3.STL,1,1,1,1,0,0,0,0,0,0,package://youshou_urdf/meshes/index_link3.STL,,中指骨_l.step-2;中指骨_r.step-2,食指坐标系3,食指关节轴3,index_joint3,revolute,0.025774,0,0,0,0,0.053634,index_link2,0,0,1,0,0,0,0,,,,,,,,
index_link4,0.0119030681382838,-0.00163381076764928,1.52445357668035E-05,0,0,0,0.0026929659514876,4.69351722463665E-08,4.11797359226837E-09,7.51846653497127E-10,1.68423880321269E-07,-3.62494102260887E-10,1.93893382910466E-07,0,0,0,0,0,0,package://youshou_urdf/meshes/index_link4.STL,1,1,1,1,0,0,0,0,0,0,package://youshou_urdf/meshes/index_link4.STL,,远指骨_l.step-1;远指骨_r.step-1,食指坐标系4,食指关节轴4,index_joint4,fixed,0.030024,0,0,0,0,-0.16885,index_link3,0,0,0,,,,,,,,,,,,
middle_link1,0.00180503080028392,9.77964183454527E-06,0.00171111281648477,0,0,0,0.000506372480959062,3.91689658391293E-09,4.18425388087464E-11,4.59557519512627E-10,2.28106886437778E-08,-3.65930627711545E-12,2.37263642798645E-08,0,0,0,0,0,0,package://youshou_urdf/meshes/middle_link1.STL,0.898039215686275,0.917647058823529,0.929411764705882,1,0,0,0,0,0,0,package://youshou_urdf/meshes/middle_link1.STL,,摆动件.step-8,中指坐标系1,中指侧摆轴1,middle_joint1,revolute,-0.01186,0.0010533,0.11017,1.5708,-1.4986,-1.5708,base_link,0,0,-1,0,0,0,0,,,,,,,,
middle_link2,0.0131554602406874,-0.000127689039948246,7.87766989550701E-06,0,0,0,0.00345232521621099,1.01534804893343E-07,1.15749258006347E-08,-1.22029669303735E-09,2.71797830955692E-07,-2.57801065727095E-09,3.47777916134917E-07,0,0,0,0,0,0,package://youshou_urdf/meshes/middle_link2.STL,1,1,1,1,0,0,0,0,0,0,package://youshou_urdf/meshes/middle_link2.STL,,近指骨_l.step-8;近指骨_r.step-10;短连杆.step-9,中指坐标系2,中指关节轴2,middle_joint2,revolute,0.0065,0,0,-1.5708,0.14927,0,middle_link1,0,0,1,0,0,0,0,,,,,,,,
middle_link3,0.0142875816338803,-0.000472713774058425,0.000148720641083722,0,0,0,0.00364491777294207,9.59741644173144E-08,6.62182847304696E-09,5.72764019173714E-11,4.11881519394947E-07,3.56696715343117E-09,4.59810447818723E-07,0,0,0,0,0,0,package://youshou_urdf/meshes/middle_link3.STL,1,1,1,1,0,0,0,0,0,0,package://youshou_urdf/meshes/middle_link3.STL,,中指骨_l.step-10;中指骨_r.step-11,中指坐标系3,中指关节轴3,middle_joint3,revolute,0.025774,0,0,0.026963,0,0.04351,middle_link2,0,0.026959,0.99964,0,0,0,0,,,,,,,,
middle_link4,0.0119030710650629,-0.00163379243199091,1.51918817322752E-05,0,0,0,0.00269294724348482,4.6935441721063E-08,4.11775297252604E-09,7.51968984009852E-10,1.68423491241322E-07,-3.62469970189448E-10,1.93893117961862E-07,0,0,0,0,0,0,package://youshou_urdf/meshes/middle_link4.STL,1,1,1,1,0,0,0,0,0,0,package://youshou_urdf/meshes/middle_link4.STL,,远指骨_l.step-9;远指骨_r.step-9,中指坐标系4,中指关节轴4,middle_joint4,revolute,0.030024,0,0,-0.026842,0.0025446,0.094492,middle_link3,0,0,-1,0,0,0,0,,,,,,,,
ring_link1,0.00180503002226125,9.7788360816399E-06,0.00171111294466987,0,0,0,0.000506372393328027,3.91689564979804E-09,4.18443540104963E-11,4.59557086153676E-10,2.28106862754964E-08,-3.65933297907781E-12,2.37263616129444E-08,0,0,0,0,0,0,package://youshou_urdf/meshes/ring_link1.STL,0.898039215686275,0.917647058823529,0.929411764705882,1,0,0,0,0,0,0,package://youshou_urdf/meshes/ring_link1.STL,,摆动件.step-11,无名指坐标系1,无名指侧摆轴1,ring_joint1,revolute,-0.01136,-0.021686,0.10816,1.5708,-1.3588,-1.5708,base_link,0,0,-1,0,0,0,0,,,,,,,,
ring_link2,0.0132042161967991,-0.000140801482555716,6.3040074833251E-06,0,0,0,0.00345266308805285,1.00700887685403E-07,1.25875778926334E-08,-1.25338204025674E-09,2.72536015181941E-07,-2.56270987664952E-09,3.47652580383347E-07,0,0,0,0,0,0,package://youshou_urdf/meshes/ring_link2.STL,1,1,1,1,0,0,0,0,0,0,package://youshou_urdf/meshes/ring_link2.STL,,近指骨_l.step-11;近指骨_r.step-13;短连杆.step-12,无名指坐标系2,无名指关节轴2,ring_joint2,revolute,0.0065,0,0,-1.5708,0.039703,0,ring_link1,0,0,1,0,0,0,0,,,,,,,,
ring_link3,0.0142875805286722,-0.000476633492086204,0.000135858555142551,0,0,0,0.00364505694449512,9.59774208983785E-08,6.6204222350462E-09,2.3542341451103E-10,4.11731061151002E-07,2.26975718811213E-09,4.5997789508883E-07,0,0,0,0,0,0,package://youshou_urdf/meshes/ring_link3.STL,1,1,1,1,0,0,0,0,0,0,package://youshou_urdf/meshes/ring_link3.STL,,中指骨_l.step-13;中指骨_r.step-14,无名指坐标系3,无名指关节轴3,ring_joint3,revolute,0.025774,0,0,0,0,-0.1443,ring_link2,0,0,1,0,0,0,0,,,,,,,,
ring_link4,0.0119030434898505,-0.00163380503629014,1.52302260153295E-05,0,0,0,0.00269297019500591,4.6935431144443E-08,4.1180088928635E-09,7.51574076185329E-10,1.68423597815438E-07,-3.62529978760255E-10,1.93893304619314E-07,0,0,0,0,0,0,package://youshou_urdf/meshes/ring_link4.STL,1,1,1,1,0,0,0,0,0,0,package://youshou_urdf/meshes/ring_link4.STL,,远指骨_l.step-12;远指骨_r.step-12,无名指坐标系4,无名指关节轴4,ring_joint4,revolute,0.030024,0,0,0,0,0.25092,ring_link3,0,0,-1,0,0,0,0,,,,,,,,
pinky_link1,0.00180502885071403,9.77931627182613E-06,0.00171111276918051,0,0,0,0.000506372234478961,3.91689547620094E-09,4.18430084288519E-11,4.59557590983486E-10,2.28106835205895E-08,-3.65935013123053E-12,2.37263589057041E-08,0,0,0,0,0,0,package://youshou_urdf/meshes/pinky_link1.STL,0.898039215686275,0.917647058823529,0.929411764705882,1,0,0,0,0,0,0,package://youshou_urdf/meshes/pinky_link1.STL,,摆动件.step-10,小拇指坐标系1,小拇指侧摆轴1,pinky_joint1,revolute,-0.01056,-0.041874,0.10042,1.5708,-1.0226,-1.5708,base_link,0,0,-1,0,0,0,0,,,,,,,,
pinky_link2,0.0131807533570299,-0.000135435451898041,7.43386901881984E-06,0,0,0,0.003453545083389,1.0153755015447E-07,1.20289063216063E-08,-1.29965775235775E-09,2.71830766284133E-07,-2.47956890897381E-09,3.47711015663519E-07,0,0,0,0,0,0,package://youshou_urdf/meshes/pinky_link2.STL,1,1,1,1,0,0,0,0,0,0,package://youshou_urdf/meshes/pinky_link2.STL,,近指骨_l.step-10;近指骨_r.step-12;短连杆.step-11,小拇指坐标系2,小拇指关节轴2,pinky_joint2,revolute,0.0065,0,0,-1.5708,0.11954,0,pinky_link1,0,0,1,0,0,0,0,,,,,,,,
pinky_link3,0.0142876042070571,-0.000476662116451745,0.000136005609380332,0,0,0,0.00364505639261196,9.59760987058404E-08,6.61824897436439E-09,2.358443687188E-10,4.11729856110318E-07,2.26944518170853E-09,4.59975728130113E-07,0,0,0,0,0,0,package://youshou_urdf/meshes/pinky_link3.STL,1,1,1,1,0,0,0,0,0,0,package://youshou_urdf/meshes/pinky_link3.STL,,中指骨_l.step-12;中指骨_r.step-13,小拇指坐标系3,小拇指关节轴3,pinky_joint3,revolute,0.025774,0,0,0,0,-0.0050623,pinky_link2,0,0,1,0,0,0,0,,,,,,,,
pinky_link4,0.0119030399362338,-0.0016338089088145,1.52854511393796E-05,0,0,0,0.00269296872221513,4.69352927638944E-08,4.11793558800962E-09,7.51572353387996E-10,1.68423144415166E-07,-3.62531169143434E-10,1.93892846207205E-07,0,0,0,0,0,0,package://youshou_urdf/meshes/pinky_link4.STL,1,1,1,1,0,0,0,0,0,0,package://youshou_urdf/meshes/pinky_link4.STL,,远指骨_l.step-11;远指骨_r.step-11,小拇指坐标系4,小拇指关节轴4,pinky_joint4,revolute,0.030024,0,0,0,0,-0.10156,pinky_link3,0,0,-1,0,0,0,0,,,,,,,,
